"0","subway_df ="
"0","  read_csv(""data/NYC_Transit_Subway_Entrance_And_Exit_Data.csv"") |>"
"0","  clean_names() |>"
"0","  select("
"0","    line,"
"0","    station_name,"
"0","    station_latitude,"
"0","    station_longitude,"
"0","    starts_with(""route""),"
"0","    entry,"
"0","    vending,"
"0","    entrance_type,"
"0","    ada"
"0","  ) |>"
"0","  mutate("
"0","    entry = case_match("
"0","      entry,"
"0","      ""YES"" ~ TRUE,"
"0","      ""NO"" ~ FALSE"
"0","    )"
"0","  )"
"0","subway_df"
