"0","mci_baseline ="
"0","  read_csv("
"0","    ""data/data_mci/data_mci/MCI_baseline.csv"","
"0","    skip = 1,"
"0","    na = ""."""
"0","  ) |>"
"0","  clean_names() |>"
"0","  mutate("
"0","    sex = case_match("
"0","      sex,"
"0","      0 ~ ""Female"","
"0","      1 ~ ""Male"""
"0","    ),"
"0","    apoe4 = case_match("
"0","      apoe4,"
"0","      0 ~ ""Non-carrier"","
"0","      1 ~ ""Carrier"""
"0","    )"
"0","  ) |>"
"0","  filter("
"0","    is.na(age_at_onset) | age_at_onset > current_age"
"0","  )"
"0",""
"0","mci_baseline"
