"0","trash_wheel_df ="
"0","  bind_rows("
"0","    mr_trash |>"
"0","      mutate("
"0","        year = as.numeric(year),"
"0","        across("
"0","          any_of(c("
"0","            ""plastic_bottles"","
"0","            ""polystyrene"","
"0","            ""cigarette_butts"","
"0","            ""glass_bottles"","
"0","            ""plastic_bags"","
"0","            ""wrappers"","
"0","            ""homes_powered"""
"0","          )),"
"0","          ~ readr::parse_number(as.character(.x))"
"0","        )"
"0","      ),"
"0","    "
"0","    professor_trash |>"
"0","      mutate("
"0","        year = as.numeric(year),"
"0","        across("
"0","          any_of(c("
"0","            ""plastic_bottles"","
"0","            ""polystyrene"","
"0","            ""cigarette_butts"","
"0","            ""glass_bottles"","
"0","            ""plastic_bags"","
"0","            ""wrappers"","
"0","            ""homes_powered"""
"0","          )),"
"0","          ~ readr::parse_number(as.character(.x))"
"0","        )"
"0","      ),"
"0","    "
"0","    gwynnda_trash |>"
"0","      mutate("
"0","        year = as.numeric(year),"
"0","        across("
"0","          any_of(c("
"0","            ""plastic_bottles"","
"0","            ""polystyrene"","
"0","            ""cigarette_butts"","
"0","            ""glass_bottles"","
"0","            ""plastic_bags"","
"0","            ""wrappers"","
"0","            ""homes_powered"""
"0","          )),"
"0","          ~ readr::parse_number(as.character(.x))"
"0","        )"
"0","      )"
"0","  )"
"0",""
"0","trash_wheel_df"
